Model,ROUGE-1,ROUGE-L,BERTScore,Factual_Consistency,Inference_Time,Model_Size,Closeness_Score,Rank
FLAN-T5-small,38.9,36.5,0.872,0.83,0.4,300,0.8012712524923061,1.0
DistilBART-CNN-12-6,42.8,39.9,0.905,0.87,0.6,600,0.7882285034083739,2.0
T5-base,40.3,37.8,0.887,0.85,0.55,850,0.6946532414368024,3.0
BART-large-CNN,44.2,41.3,0.915,0.89,0.95,1600,0.34277363619455603,4.0
PEGASUS-large,45.1,42.2,0.923,0.91,1.15,2200,0.19872874750769387,5.0
